{
  "version": 1,
  "author": "André Tritiack",
  "editor": "wokwi",
  "parts": [
    { "type": "wokwi-breadboard-half", "id": "bb1", "top": 16.2, "left": 12.4, "attrs": {} },
    { "type": "board-esp32-devkit-c-v4", "id": "esp", "top": 38.4, "left": -110.36, "attrs": {} },
    { "type": "wokwi-dht22", "id": "dht1", "top": 19.5, "left": 90.6, "attrs": {} },
    { "type": "wokwi-potentiometer", "id": "pot1", "top": 65.9, "left": 201.4, "attrs": {} }
  ],
  "connections": [
    [ "esp:TX", "$serialMonitor:RX", "", [] ],
    [ "esp:RX", "$serialMonitor:TX", "", [] ],
    [ "bb1:bp.2", "esp:3V3", "red", [ "v85.5", "h-190.4", "v-249.6" ] ],
    [ "bb1:bn.1", "esp:CMD", "black", [ "v65.9", "h-171.2", "v-76.8" ] ],
    [ "bb1:11b.j", "bb1:bn.9", "black", [ "v0" ] ],
    [ "bb1:8b.j", "bb1:bp.6", "red", [ "v0" ] ],
    [ "esp:5", "bb1:9b.h", "gold", [ "h0" ] ],
    [ "bb1:bn.17", "bb1:21b.j", "black", [ "v0" ] ],
    [ "bb1:23b.j", "bb1:bp.19", "red", [ "v0" ] ],
    [ "esp:34", "bb1:22b.j", "violet", [ "h-38.25", "v192", "h393.6" ] ],
    [ "dht1:VCC", "bb1:8b.f", "", [ "$bb" ] ],
    [ "dht1:SDA", "bb1:9b.f", "", [ "$bb" ] ],
    [ "dht1:NC", "bb1:10b.f", "", [ "$bb" ] ],
    [ "dht1:GND", "bb1:11b.f", "", [ "$bb" ] ],
    [ "pot1:GND", "bb1:21b.f", "", [ "$bb" ] ],
    [ "pot1:SIG", "bb1:22b.f", "", [ "$bb" ] ],
    [ "pot1:VCC", "bb1:23b.f", "", [ "$bb" ] ]
  ],
  "dependencies": {}
}